Trek_Name,District,Difficulty,Height_m,Best_Season,Historical_Significance,Description
"Ahmednagar Fort","Ahmednagar","Easy",648,"Oct-Mar","One of the strongest forts in the Deccan; Chand Bibi famously defended it against the Mughals in 1595.","A massive land fort surrounded by a wide moat with well-preserved bastions and gateways. The flat terrain makes it an easy walk ideal for history enthusiasts."
"Ajobagad Fort","Palghar","Moderate",420,"Oct-Feb","A lesser-known hill fort used by the Marathas to guard the northern Konkan trade routes.","A short but steep climb through forested slopes rewarding you with panoramic Konkan views. Rock-cut steps and remnants of old walls line the approach trail."
"Ajinkyatara Fort","Satara","Easy",1380,"Year-round","Shivaji Maharaj captured this strategic fort overlooking Satara; later served as the Maratha capital.","Perched high above Satara city with sweeping views of surrounding peaks and valleys. Easily accessible by road with well-preserved fortifications and temples."
"Akluj Fort","Solapur","Easy",480,"Oct-Mar","A Bhonsle family fort that served as an important administrative center in the Maratha heartland.","A flat land fort with sturdy walls and bastions surrounded by the town of Akluj. The walk around the ramparts offers views of the surrounding plateau."
"Akola Fort","Akola","Easy",285,"Oct-Mar","Built by the Mughals and later contested by the Marathas during their northward Deccan expansion.","A large land fort with imposing gateways and well-maintained gardens within its walls. Flat and easy to explore on foot with historical inscriptions."
"Alang Fort","Nashik","Very Hard",1738,"Oct-Feb","Part of the legendary Alang-Madan-Kulang trio; these forts resisted Mughal sieges for years.","One of the most challenging rock climbs in the Sahyadri with near-vertical rock patches requiring ropes. The stunning pinnacle summit rewards you with views of the entire AMK range."
"Ambolgad Fort","Ratnagiri","Easy",150,"Oct-Mar","A coastal fort built by Shivaji Maharaj to protect the Maratha navy's southern Konkan coastline.","A scenic sea fort on a headland with crashing waves below and sweeping ocean panoramas. The easy trail through coconut groves makes it a perfect beach-and-fort combo."
"Anjaneri Fort","Nashik","Moderate",1300,"Oct-Feb","Believed to be the birthplace of Lord Hanuman; later fortified by the Marathas.","A flat-topped mesa with ancient cave temples and lush greenery during monsoons. The moderate ascent offers views of Trimbak and the surrounding Nashik hills."
"Anjanvel Fort","Ratnagiri","Easy",100,"Oct-Mar","A minor Maratha coastal fort used to guard the Anjanvel creek and nearby trade settlements.","A small seaside fort ruin surrounded by palm trees and tranquil creek waters. Easy to reach and ideal for a quick heritage stop along the Konkan coast."
"Ankai Fort","Nashik","Moderate",920,"Oct-Feb","A twin fort with Tankai; served as a frontier defense for the Seuna Yadava dynasty.","Connected to Tankai Fort by a ridge walk with ancient rock-cut Buddhist caves atop the summit. The scramble over rocky terrain adds adventure to this historically rich trek."
"Antur Fort","Osmanabad","Easy",750,"Oct-Mar","An important Bahmani-era fort later controlled by the Nizam and the Marathas.","A sprawling land fort with layered defenses and impressive gateways cut from dark basalt rock. Easy to walk through with multiple historical inscriptions on its bastions."
"Arnala fort","Palghar","Easy",0,"Oct-Mar","Captured by the Marathas from the Portuguese in 1737; an important Maratha naval outpost.","A sea fort accessible by boat from Arnala beach with well-preserved Portuguese-era bastions. The flat terrain and ocean breeze make it a relaxing coastal heritage walk."
"Asava fort","Raigad","Hard",830,"Oct-Feb","A strategically placed Maratha fort guarding access routes between the Konkan and the Deccan.","A strenuous hike through dense forest with exposed rock scrambles near the summit. The isolated peak offers solitude and sweeping views of surrounding hills."
"Asheri fort","Palghar","Moderate",550,"Oct-Feb","A Maratha-era hill fort in the northern Konkan that controlled trade between Palghar and the ghats.","A moderate climb through green farmland and scrub forest to ruined walls and a water cistern. The summit offers views of the Palghar coastline on clear days."
"Avandha Fort","Nashik","Hard",1150,"Oct-Feb","A Maratha stronghold in the Kalwan region used as a watch post along the Nashik frontier.","A demanding climb with steep rocky patches requiring concentration and good grip. The isolated summit plateau has remains of walls and carved cisterns."
"Avchitgad","Raigad","Moderate",870,"Oct-Feb","Shivaji Maharaj fortified Avchitgad to protect the route between Rajgad and the Konkan coast.","A scenic trek through forested slopes leading to well-preserved bastions and a large water tank. Views of Raigad and surrounding valleys make the climb rewarding."
"Bahadur Fort","Nashik","Easy",450,"Oct-Feb","Named after Sultan Bahadur of Gujarat; controlled by the Mughals before Maratha rule.","A low hill fort with accessible trails and remnants of old gateways and walls. Quick to climb and offers pleasant views of the northern Maharashtra landscape."
"Balapur Fort","Akola","Easy",320,"Oct-Mar","An important Mughal-era fort in Vidarbha known for its association with Aurangzeb.","A well-preserved land fort with sturdy bastions and a deep moat encircling its walls. Easy and flat exploration within a historically significant structure."
"Ballarpur Fort","Chandrapur","Easy",250,"Oct-Mar","The capital of the Gond kings before Mughal conquest; historically rich Vidarbha region fort.","A massive land fort with imposing walls scattered across the town of Ballarpur. Easy to explore on foot with remnants of palaces and water systems."
"Bankot fort","Ratnagiri","Easy",100,"Oct-Mar","Also known as Fort Victoria; captured by the Marathas from the Portuguese in 1756.","A coastal fort at the confluence of the Savitri River and the Arabian Sea with towering bastions. Easy access and the sea views from the ramparts are stunning."
"Belapur Fort","Navi Mumbai","Easy",50,"Year-round","A Portuguese-built fort later taken by the Marathas under Chimaji Appa in 1737.","A small urban fort with a few surviving walls now surrounded by modern Navi Mumbai development. A quick historical stop accessible within the city."
"Bhagwantgad","Raigad","Moderate",700,"Oct-Feb","A Maratha watchtower fort guarding the trade route between the coast and the ghats.","A moderate hike through wooded slopes to a compact summit with cisterns and wall remnants. The views of the Konkan lowlands are dramatic on clear mornings."
"Bhairavgad (Moroshi)","Pune","Hard",1400,"Oct-Feb","A rugged Maratha fort used for guerrilla defense in the Bhimashankar range.","A tough trek with exposed rock patches and ladder climbs leading to a narrow summit plateau. The wild forested approach adds a sense of true Sahyadri adventure."
"Bhairavgad (Shirpunje)","Ahmednagar","Moderate",960,"Oct-Feb","A small Maratha-era outpost fort near the Bhandardara backwaters.","A moderate hike through dry scrubland with views of the Pravara River valley. The compact summit has carved cisterns and a small ruined temple."
"Bhairavgad (Kothale)","Pune","Hard",1100,"Oct-Feb","A strategic Maratha lookout fort in the dense western ghats near Tamhini.","A challenging trek through dense forest and rocky scrambles to a knife-edge summit ridge. The panoramic monsoon views are absolutely spectacular."
"Bhairavgad (Mandave)","Satara","Moderate",950,"Oct-Feb","Part of the Maratha defensive chain protecting Satara from southern invasions.","A pleasant trek through rolling grasslands and scrubby terrain to a fortified hilltop. The summit cisterns and walls are reasonably well preserved."
"Bhamer","Dhule","Easy",680,"Oct-Feb","A Faruqi dynasty fort later absorbed into the Maratha Empire during northern expansion.","A flat-topped hill fort with well-preserved walls and views of the Tapi River valley. Easy to climb with a gentle gradient trail throughout."
"Bharatgad","Sindhudurg","Moderate",700,"Oct-Feb","A Maratha fort controlling the southern Konkan coast near the Goa border.","A moderate climb through laterite terrain and cashew plantations to a broad summit. Coastal views and remnants of granaries mark the top."
"Bhaskargad","Nashik","Hard",1100,"Oct-Feb","A remote Maratha fort in the Igatpuri range used for frontier surveillance.","A strenuous climb with thick jungle cover and rocky scrambles near the top. The isolated summit offers solitude and dramatic valley views."
"Bhawangad Fort","Raigad","Moderate",700,"Oct-Feb","A Maratha hill fort guarding the approach to the Deccan from coastal Raigad.","A pleasant trek through wooded ridges with moderate rock steps near the summit. The sweeping Konkan panorama from the top is stunning."
"Bhivgad fort","Raigad","Moderate",850,"Oct-Feb","A small Maratha fort used as a watchtower in the Raigad hill chain.","A moderate uphill hike through forested slopes to a compact summit. Remnants of fortification walls and a carved water tank sit atop."
"Bhorgiri fort","Pune","Moderate",1350,"Oct-Feb","A Maratha fort near Bhimashankar protecting the sacred temple route.","A beautiful trek through evergreen forest of the Western Ghats leading to a rocky summit. Views of Bhimashankar reservoir add to the appeal."
"Bhudargad Fort","Kolhapur","Moderate",950,"Oct-Feb","Built by Shivaji Maharaj as part of the southern expansion of the Maratha Empire.","A large fort with double fortification walls and ancient temples scattered across its plateau. The trek passes through green farmland with views of the Kolhapur valleys."
"Bhupatgad Fort","Ratnagiri","Easy",250,"Oct-Mar","A small Maratha coastal defense fort watching over the Ratnagiri shoreline.","A short climb to a hilltop with panoramic sea views and remnants of watch towers. Perfect for a quick trek combined with a coastal road trip."
"Bhushangad","Satara","Moderate",1100,"Oct-Feb","A Maratha frontier fort protecting the approach from Phaltan towards Satara.","A trek through dry scrubby terrain to a moderately fortified hilltop with carved cisterns. The summit views encompass the wide Satara plateau."
"Birwadi fort","Raigad","Moderate",700,"Oct-Feb","A Maratha-era fort used as a rest stop on the route between Raigad and Mahad.","A moderate forest trek with gentle gradients and sparse rocky outcrops near the top. The summit offers views of the Raigad hill chain."
"Bitangad","Nashik","Moderate",900,"Oct-Feb","A small hill fort near Igatpuri used by the Marathas for regional control.","A grassy hill trek with moderate climbing and good views of surrounding Nashik valleys. Rock-cut steps and a small water tank sit atop the summit."
"Bombay Castle","Mumbai","Easy",10,"Year-round","The original Portuguese castle that became the nucleus of British Bombay in 1661.","Located within the modern naval dockyard with limited public access. The remnants speak to Mumbai's colonial origins as a fortified trading post."
"Castella de Aguada/Bandra Fort","Mumbai","Easy",25,"Year-round","A Portuguese watchtower fort built in 1640 to guard the Mahim Bay entrance.","A small urban fort ruin offering spectacular sunset views over the Arabian Sea and Bandra-Worli Sea Link. Easily accessible and a beloved landmark in suburban Mumbai."
"Chanda Fort","Chandrapur","Easy",230,"Oct-Mar","Capital of the Gond kingdom; the fort complex includes the famous Mahakali temple.","A sprawling land fort in the heart of Chandrapur city with multiple gates and temple ruins. Flat and easy to walk with significant historical inscriptions."
"Chandan Fort","Raigad","Moderate",730,"Oct-Feb","A Maratha hill fort built to support defense operations near the Bhor Ghat pass.","A moderate climb through mixed deciduous forest to a small summit with wall remnants. The views toward the Bhor Ghat valley are scenic."
"Chandragad/Dhavalgad","Kolhapur","Moderate",900,"Oct-Feb","A southern Maratha fort guarding the route towards Belgaum and important in the Maratha-Adilshahi conflicts.","A trek through green rolling hills of southern Maharashtra with moderate ascent. The summit has old walls and gives views of the Kolhapur plateau."
"Chandwad fort","Nashik","Moderate",1050,"Oct-Feb","An ancient fort near the pilgrimage town of Chandwad with links to the Yadava dynasty.","A moderate climb on a flat-topped hill with old fortification walls and a temple at the summit. Views of Chandwad town and the Godavari plains unfold below."
"Chauler Fort/Chaurgad","Raigad","Easy",80,"Oct-Mar","A Portuguese-built coastal fort near Chaul captured by the Marathas in the 18th century.","A low-lying coastal fort ruin with Portuguese architectural influence and sea-facing bastions. Easy to explore on foot as part of a Konkan heritage trail."
"Chavand fort","Nashik","Hard",1300,"Oct-Feb","Shivaji Maharaj's last capital where he spent his final days and passed away in 1680.","A steep and rugged climb with historical weight at every turn — the final seat of Swarajya. The summit plateau has remains of Shivaji's palace and royal cisterns."
"Dategad","Raigad","Moderate",600,"Oct-Feb","A minor Maratha fort serving as a link in the coastal defense network near Murud.","A moderate trek through laterite hills to a compact summit with partial wall remnants. Views of the Murud coast and Janjira fort are visible from the top."
"Dativare fort","Pune","Moderate",750,"Oct-Feb","A small Maratha fort in the Mulshi area used as a watchtower over surrounding valleys.","A quick moderate hike through green farmland to a hilltop with cisterns and ruined walls. The views of the Mulshi backwaters are serene and photogenic."
"Daulatabad Fort","Aurangabad","Moderate",450,"Oct-Mar","One of India's most impregnable forts; served as the capital when Muhammad bin Tughlaq shifted from Delhi.","A magnificent fortress with ingenious defense mechanisms including a dark passage and a moat with crocodiles. The climb to the cannon-topped summit offers panoramic Deccan views."
"Dermal Fort","Raigad","Hard",850,"Oct-Feb","A remote Maratha fort in the hills east of Pen used for strategic surveillance.","A tough climb through thick scrub and rocky outcrops to an isolated summit. The wilderness feel makes it ideal for experienced trekkers seeking solitude."
"Devgad fort","Sindhudurg","Easy",100,"Oct-Mar","A Maratha naval fort protecting Devgad harbor; strengthened by Shivaji Maharaj.","A coastal headland fort with sea on three sides and a lighthouse nearby. Easy to walk and perfect for combining with Devgad's famous Alphonso mango farms."
"Dhak bahiri","Raigad","Hard",760,"Oct-Feb","A cave fortress used by the Marathas to store ammunition and supplies in secret.","A thrilling climb involving chimney-like rock entrances and cave passages inside the mountain. One of the most unique and adventurous fort experiences in the Sahyadri."
"Dhawalgad Fort","Pune","Moderate",800,"Oct-Feb","A small Maratha fort near the Mulshi area used for regional defense and communication.","A moderate trek through rolling countryside to a fortified hilltop with partial ruins. Pleasant views of the surrounding Western Ghat foothills."
"Dhodap","Nashik","Very Hard",1451,"Oct-Feb","The second-highest fort in Maharashtra; part of the Maratha northern defense line against the Mughals.","A demanding climb with near-vertical rock faces requiring ropes and technical climbing skills. The massive flat summit plateau is one of the largest fort tops in the Sahyadri."
"Dhunda fort","Nashik","Hard",1100,"Oct-Feb","A remote Maratha fort near the Trimbak range used as a lookout over the Godavari basin.","A strenuous climb through dry rocky terrain with minimal shade and exposed sections. The panoramic summit views of the Nashik ranges are worth the effort."
"Dongri Fort","Raigad","Easy",200,"Oct-Mar","A minor Maratha fort used for coastal surveillance near the Alibag region.","A short climb to a low hilltop with remnants of walls and a few carved cisterns. Good for a quick heritage walk near the Alibag coast."
"Dronagiri Fort","Ahmednagar","Moderate",1080,"Oct-Feb","An ancient fort near Junnar with caves dating back to the Satavahana period.","A moderate climb with ancient Buddhist caves carved into the hillside along the trail. The summit offers views of the Kukdi River valley."
"Dubergad Fort","Raigad","Moderate",700,"Oct-Feb","A Maratha hill fort near Karjat used for controlling the Bor Ghat trade route.","A moderate hike through teak forest to a compact fortified summit. The views of the surrounding Konkan-Deccan transition zone are lovely."
"Durgabhandar","Raigad","Moderate",650,"Oct-Feb","A Maratha stronghold near Mangaon used as a regional military post.","A moderate uphill trek through farmland and forest to a plateau with old walls and tanks. The ridge walk approach is scenic and pleasant."
"Durgadi Fort","Thane","Easy",100,"Year-round","A small Maratha-era hilltop fort within Kalyan city with Hemadpanthi temple architecture.","A short staircase climb to a hilltop temple-fort offering views over bustling Kalyan city. Popular as a morning walk destination among locals."
"Fatte gad","Nashik","Moderate",900,"Oct-Feb","A Maratha frontier fort in the Nashik hills used for communication signaling.","A moderate rocky climb through sparse vegetation to a compact summit. The ancient walls and cisterns are partially intact."
"Fort George","Mumbai","Easy",10,"Year-round","Built by the British East India Company in the 18th century to protect Bombay harbor.","A colonial-era urban fort within the naval dockyard area with limited public access. Its cannons once guarded the approach to the city's strategic harbor."
"Gagangad","Satara","Moderate",980,"Oct-Feb","Part of the Satara fort chain; served as a secondary defense post under the Marathas.","A pleasant uphill trek through grassland and sparse forest to a modest summit. Remnants of walls and water tanks are scattered across the top."
"Galna","Nashik","Moderate",950,"Oct-Feb","A Yadava dynasty fort later held by the Mughals and finally won by the Marathas.","A moderate trek with an interesting tunnel entrance passage carved through rock. The large summit plateau has temples and multiple water cisterns."
"Gambhirgad","Pune","Moderate",850,"Oct-Feb","A small Maratha fort near Junnar used as part of the surveillance network.","A moderate climb through dry deciduous forest to a narrow ridge summit. Views of the Junnar region and Shivneri add historical context."
"Gawilghur","Amravati","Moderate",1050,"Oct-Feb","The site of a major British victory over the Marathas in 1803 during the Third Anglo-Maratha War.","A massive fort complex spread over two connected hills with spectacular valley views. The trek winds through ruined gateways and bastions with a dramatic hilltop setting."
"Ghangad","Pune","Moderate",950,"Oct-Feb","A Maratha hill fort near Tamhini that protected the route to Raigad from the Deccan.","A beautiful monsoon trek through lush greenery and rolling ghats to an exposed summit ridge. The views of surrounding valleys in the rains are absolutely magical."
"Ghargad","Nashik","Moderate",850,"Oct-Feb","A Maratha-era outpost fort near Sinnar used for regional border patrol.","A moderate climb through scrubland to a compact summit with cisterns and wall fragments. Quiet and rarely visited — ideal for those seeking unexplored forts."
"Ghodbunder Fort","Thane","Easy",50,"Year-round","A Portuguese-built fort on the banks of the Ulhas Creek captured by the Marathas in 1739.","A coastal heritage walk through a well-preserved Portuguese fort with bastions overlooking the creek. Easily accessible from Thane city."
"Ghosalegad Fort","Raigad","Moderate",700,"Oct-Feb","A Maratha fort near Mahad used for defending the approaches to Raigad capital.","A moderate hike through teak forests and laterite terrain to a summit plateau. The solitude and views of Raigad valley make it a hidden gem."
"Goa fort","Ratnagiri","Easy",250,"Oct-Mar","A minor Konkan fort used by the Marathas to guard the coastal trading routes.","A small fort with sea-facing bastions and a quick trail through tropical vegetation. Great for combining with a coastal drive."
"Gondhanapur Fort","Buldhana","Easy",500,"Oct-Mar","A Vidarbha-region fort with medieval origins; used by various Deccan sultanates.","A low fort with thick walls and old gateways set amidst the Buldhana plateau. Easy and flat to explore with interesting carved stonework."
"Gopalgad","Ratnagiri","Easy",200,"Oct-Mar","A Maratha coastal fort near Guhagar used to monitor sea traffic along the Konkan.","A relaxed climb on a small headland with views of the turquoise Konkan coastline. The fort has a few surviving bastions and old cannon placements."
"Gorakhgad","Raigad","Hard",1000,"Oct-Feb","A dramatic pinnacle fort used by the Marathas for defense and spiritual retreat.","A thrilling climb with rock patches and narrow ridges leading to a small temple atop the summit. The sheer drops on all sides provide an adrenaline-pumping experience."
"Gowalkot","Ratnagiri","Easy",50,"Oct-Mar","A sea fort near Chiplun built by the Marathas to protect the Vashishti River estuary.","A small coastal fort accessible during low tide with views of the river meeting the sea. Ideal for a quick heritage stop along the Konkan highway."
"Gumtara Fort","Raigad","Hard",900,"Oct-Feb","A remote Maratha fort in the dense forests between Matheran and Panvel.","A challenging trek through thick jungle with minimal trail markings and rocky sections. An ideal adventure for experienced trekkers seeking off-the-beaten-path exploration."
"Gunvantgad","Pune","Moderate",800,"Oct-Feb","A minor Maratha outpost fort near Junnar providing communication links.","A moderate climb through dry terrain to a compact summit with wall fragments. Views of the Junnar plateau and surrounding forts are visible."
"Hadsar","Pune","Hard",1120,"Oct-Feb","Also known as Paranda gad; a Maratha fort near Junnar with ancient Buddhist connections.","A strenuous trek with rock climbing near the summit and cave passages to explore. The summit plateau has water tanks and offers excellent 360-degree views."
"Hargad","Nashik","Moderate",800,"Oct-Feb","A small Maratha fort in the Baglan region used for controlling trade routes to Gujarat.","A moderate climb through scrub forest to a rocky summit with partial wall remnants. Views of the northern Sahyadri ranges."
"Harihar fort","Nashik","Hard",1120,"Oct-Feb","Built during the Seuna Yadava dynasty in the 14th century to guard the Konkan-Deccan pass.","Famous for its dramatic near-vertical rock-cut staircase with carved hand and foot holds. The exposed climb is not for the faint-hearted but the summit views are unforgettable."
"Harishchandragad","Ahmednagar","Hard",1422,"Oct-Feb","An ancient fort dating back to the 6th century with Kedareshwar cave containing a Shiva linga surrounded by water.","The iconic Konkan Kada cliff offers a jaw-dropping vertical overhang with clouds below. The trek through Nalichi Vaat involves thrilling rock scrambles through dense forest."
"Hatgad","Nashik","Moderate",900,"Oct-Feb","A Maratha-era fort near Saputara controlling the northern border with Gujarat.","A moderate trek through pleasant forest to a summit with well-preserved walls and gates. Views of the Gujarat border region add geographic interest."
"Indori fort","Pune","Moderate",800,"Oct-Feb","A small Maratha fort near Maval that supported Lohagad and Visapur defense.","A moderate climb through farmland to a hilltop with remnants of fortification walls. Good views of the Pawna Dam backwaters."
"Indrai fort","Nashik","Hard",1100,"Oct-Feb","A remote Maratha fort in the Trimbak range used as a frontier outpost.","A tough climb with steep rocky terrain and minimal shade along the route. The isolated summit has cisterns and commanding views."
"Irshalgad Fort","Raigad","Hard",1100,"Oct-Feb","A towering pinnacle fort near Panvel often trekked as a companion to Matheran.","A steep trek with a dramatic pinnacle summit that narrows to a knife-edge top. The vertigo-inducing views of the Konkan plains below are breathtaking."
"Jadhavgadh","Pune","Easy",800,"Year-round","A 16th-century Maratha fort of the Jadhav family; now converted into a heritage hotel.","A well-maintained heritage fort hotel with preserved architecture and Maratha artwork. Easy access by road makes it a unique cultural experience."
"Jaigad Fort","Ratnagiri","Easy",100,"Oct-Mar","A Maratha coastal fort at the mouth of the Shastri River commanding sea approaches.","A well-preserved coastal fort with massive walls and a lighthouse offering ocean panoramas. Easy to explore with cannons and bastions still standing proud."
"Jamgaon Fort","Raigad","Moderate",600,"Oct-Feb","A minor Maratha fort near Karjat serving as a link fort in the Bor Ghat defense chain.","A moderate forest hike to a compact hilltop with partial fort ruins. A quiet trek with good monsoon scenery."
"Jamner Fort","Jalgaon","Easy",350,"Oct-Mar","A Faruqi dynasty fort later held by the Mughals and the Marathas in the Khandesh region.","A land fort with thick walls and old gateways situated in the Jamner town. Easy and flat exploration with some well-preserved bastions."
"Jangali Jayagad","Sindhudurg","Moderate",600,"Oct-Feb","A Maratha jungle fort in southern Konkan built for guerrilla warfare defense.","A moderate trek through dense jungle terrain to a hidden fortified summit. The wild approach adds genuine Sahyadri adventure."
"Janjira fort","Raigad","Easy",0,"Year-round","The only fort on India's west coast that was never conquered; stronghold of the Siddhi rulers.","A magnificent sea fort accessible by boat from Murud with imposing 40-foot walls rising from the sea. The inland freshwater lake and massive bastions are engineering marvels."
"Javlya fort","Satara","Moderate",850,"Oct-Feb","A small Maratha fort near Wai used for reconnaissance and regional defense.","A moderate hike through green rolling hills to a compact summit with ruins. Pleasant views of the Krishna Valley below."
"Jivdhan","Pune","Hard",1410,"Oct-Feb","An impregnable Maratha fort guarding the Naneghat trade pass between Konkan and the Deccan.","A tough climb with exposed rock patches and ladder sections near the summit. The panoramic views of the Malshej ranges and the ancient Naneghat pass are magnificent."
"Kaladgad","Sindhudurg","Moderate",700,"Oct-Feb","A Maratha fort in southern Konkan controlling routes near the Goa border.","A moderate trek through wooded laterite terrain to a summit with partial fort ruins. Coastal views from the south-facing walls."
"Kalanandigad","Satara","Moderate",950,"Oct-Feb","A Maratha fort near Mahabaleshwar protecting the Krishna River valley routes.","A pleasant trek through grassland to a fortified hilltop with cisterns and wall remnants. Stunning views of the surrounding Mahabaleshwar plateau."
"Kalavantin Durg","Raigad","Very Hard",1100,"Oct-Feb","An ancient pinnacle fortress believed to have been built for a queen named Kalavantin.","One of the most visually dramatic treks in India with near-vertical carved steps on an exposed rock face. The knife-edge summit offers a dizzying 360-degree panorama of the Matheran range."
"Kaldurg Fort","Osmanabad","Easy",650,"Oct-Mar","A Bahmani sultanate fort later controlled by the Marathas in the Marathwada region.","A low plateau fort with thick walls and carved gateways set amidst dry Marathwada landscape. Easy to explore with interesting medieval stonework."
"Kalyangad/Nandgiri","Satara","Moderate",1050,"Oct-Feb","Strategically important for the Marathas; named after an old temple atop the fort.","A pleasant climb through terraced farmland to a broad fortified plateau. The summit temples and cisterns are well-maintained by locals."
"Kamalgad","Pune","Moderate",900,"Oct-Feb","A Maratha fort near Maval that played a role in controlling the Konkan-Deccan passes.","A moderate climb through deciduous forest to a compact summit with ruins and cisterns. Views toward Rajmachi and Lohagad from the top."
"Kamandurg Fort","Satara","Easy",750,"Oct-Feb","A minor Maratha fort used to guard the approach routes south of Satara.","A short easy climb to a hilltop with sparse ruins and pleasant valley views. A quiet fort rarely visited by trekkers."
"Kandhar Fort","Nanded","Easy",650,"Oct-Mar","An important Deccan sultanate fortress later captured by the Marathas under Shahu Maharaj.","A large well-preserved fort with double walls and massive gateways dominating the skyline. Easy to explore with historical architecture reflecting Bahmani and Maratha periods."
"Kanchana Fort","Sindhudurg","Moderate",600,"Oct-Feb","A Maratha defense fort in southern Konkan protecting trading routes near Sawantwadi.","A moderate trek through tropical forests and laterite terrain to a small fortified summit. Views of the Konkan coast from the south-facing walls."
"Kanhera Fort","Jalgaon","Easy",400,"Oct-Mar","A Khandesh region fort held by the Faruqi dynasty and later taken by the Marathas.","A low-elevation land fort with old gateways and walls amid the Jalgaon agricultural belt. Easy to walk and relatively unexplored."
"Kankrala","Raigad","Moderate",700,"Oct-Feb","A Maratha hill fort near Karjat used for monitoring the Bor Ghat region.","A moderate trek through mixed forest to a small summit with fort remnants. Monsoon views of the green Western Ghats are particularly stunning."
"Karnala Fort","Raigad","Easy",480,"Year-round","A Maratha fort within the Karnala Bird Sanctuary; a popular weekend trek from Mumbai.","An easy trail through lush bird sanctuary forest leading to a rocky pinnacle summit. The basalt pillar at the top is iconic and great for beginner trekkers."
"Kavnai fort","Nashik","Moderate",750,"Oct-Feb","A Maratha fort near Dindori used for defense of the Godavari plain.","A moderate climb through grassy slopes to a fort with old walls and a temple. Scenic views of the Nashik wine country below."
"Kelve Fort","Palghar","Easy",30,"Oct-Mar","A Maratha-era coastal fort ruins near the popular Kelve beach.","A small fort ruin right on the coast accessible via an easy beach walk. Perfect for a casual heritage outing combined with a beach day."
"Kenjalgad","Satara","Moderate",950,"Oct-Feb","A well-preserved Maratha fort near Wai with strong fortification walls.","A moderate trek through farmland and forest to a broad fortified plateau. The double-door gateways and bastions are impressively intact."
"Khanderi","Raigad","Easy",0,"Oct-Mar","A sea fort built by Shivaji Maharaj to counter the Siddis and protect Maratha trade routes.","A small island fort accessible by boat from Mandwa with remains of walls and a lighthouse. The historical significance of Shivaji's naval ambitions fills every stone."
"Kharda/Shivpattan Fort","Beed","Easy",550,"Oct-Mar","Site of the Battle of Kharda (1795) — the last great Maratha victory under the Nizam.","A land fort with thick walls set on the dry Marathwada plateau. Easy to explore with scattered ruins and historical battle significance."
"Kohoj Fort","Palghar","Moderate",500,"Oct-Feb","A Maratha-era hill fort guarding the northern Konkan routes between Palghar and Nashik.","A moderate climb through scrub forest to a flat summit with cisterns and wall fragments. The views of the Palghar hinterland are expansive."
"Kolaba Fort","Raigad","Easy",0,"Year-round","A sea fort near Alibag built by Shivaji Maharaj in 1680 as part of his naval defense strategy.","Accessible on foot during low tide from Alibag beach with imposing walls rising from the sea. The sweet water well inside a sea fort is an engineering marvel."
"Koldher Fort","Nashik","Easy",600,"Oct-Feb","A Maratha hill fort in the Baglan area used for controlling trade route traffic.","An easy climb through rolling farmland to a low summit with partial wall remains. A quick trek ideal for beginners exploring lesser-known forts."
"Konkan Diva Fort","Raigad","Easy",40,"Oct-Mar","A small sea island fortress built to guard the approach to the Rajpuri creek.","A tiny island fort accessible by boat with surviving walls and bastions. The ride across the creek adds maritime charm."
"Korigad","Pune","Easy",930,"Year-round","Captured by Shivaji Maharaj in 1657 from the Adilshahi Sultanate; used for storing treasury.","An easy trek near Lonavala with well-preserved fortifications and the Korai Devi temple at the summit. The monsoon views of Amby Valley and surrounding hills are spectacular."
"Korlai Fort","Raigad","Easy",100,"Oct-Mar","A Portuguese-built fort near Chaul with a lighthouse; one of the best-preserved coastal forts.","A seaside fort with impressive Portuguese bastions and a working lighthouse at the top. Easy to explore with ocean views stretching to the horizon."
"Kothaligad/Bhairavgad","Raigad","Moderate",930,"Oct-Feb","A Maratha pinnacle fort near Karjat with a cave temple dedicated to Lord Bhairav.","A moderate trek with an exciting chimney climb through rock to reach the pinnacle summit temple. The compact mesa top offers breathtaking views of the surrounding hills."
"Kulang Fort","Nashik","Very Hard",1460,"Oct-Feb","Part of the Alang-Madan-Kulang trio; one of the hardest fort treks in Maharashtra.","An extreme rock-climbing adventure requiring ropes and harnesses for the near-vertical ascent. The isolated pinnacle summit rewards the brave with views of the entire AMK range."
"Kunjargad","Sindhudurg","Easy",100,"Oct-Mar","A small Maratha coastal fort near Devgad built to guard the southern Konkan coast.","A short easy walk to a headland fort with sweeping views of the Arabian Sea. Ideal for a quick heritage stop while driving through the Sindhudurg coast."
"Kurdugad","Kolhapur","Moderate",800,"Oct-Feb","A Maratha fort in the Kolhapur hills used for protecting the southern Swarajya border.","A moderate hike through green rolling hills to a summit with cisterns and old walls. The pastoral setting feels tranquil and untouched."
"Laling fort","Dhule","Easy",650,"Oct-Mar","A large Faruqi dynasty fort in Khandesh later taken by the Mughal and Maratha forces.","A large land fort with impressive triple gateways and sprawling walls. Easy to explore and one of the most well-preserved forts in north Maharashtra."
"Lingana","Raigad","Very Hard",1050,"Oct-Feb","A dramatic pinnacle fort near Raigad used as a lookout by the Marathas.","One of the most thrilling technical climbs in the Sahyadri with near-vertical rock faces. The tiny summit has room for just a few people with dizzying drops all around."
"Lohagad","Pune","Easy",1033,"Monsoon","Captured by Shivaji Maharaj in 1648; used as a treasury by the Maratha Empire.","The iconic Vinchukata (Scorpion Tail) bastion extends over a sheer cliff edge during monsoon clouds. Well-paved steps and monsoon waterfalls make it the most popular fort trek near Pune."
"Machindragad","Satara","Moderate",950,"Oct-Feb","Named after the sage Machhindranath; a Maratha fort with spiritual significance in the Satara hills.","A moderate trek with a temple at the summit and panoramic views of the Satara plateau. The trail passes through rolling grasslands."
"Machnur Fort","Osmanabad","Easy",600,"Oct-Mar","A medieval fort with links to the Bahmani and later the Maratha campaigns in Marathwada.","A flat land fort with ruins of walls and gateways spread across a hilltop. Easy to explore in the dry Marathwada landscape."
"Madangad Fort","Raigad","Moderate",700,"Oct-Feb","A Maratha defense fort near Mahad used for control of the Savitri River valley routes.","A moderate forest trek to a hilltop with cisterns and partial fortification remnants. Nice views of the Raigad hinterland."
"Madh Fort","Mumbai","Easy",20,"Year-round","A Portuguese-built coastal fort near Madh Island used for defending the northern Bombay harbor.","A small fort ruin on the scenic Madh Island coast accessible via the fishing village. The crumbling walls against the sunset sea make for dramatic photography."
"Mahim Fort","Mumbai","Easy",5,"Year-round","Originally a Portuguese fort guarding the entrance to the Mahim creek in old Bombay.","A small ruined fort wall along the Mahim beach promenade in the heart of Mumbai. More a heritage landmark than a trek but historically significant."
"Mahimangad","Satara","Moderate",1050,"Oct-Feb","A Maratha fort near Mahabaleshwar protecting the plateau approaches from the south.","A moderate trek through lush forest of the Mahabaleshwar region to a fortified hilltop. The biodiversity and bird life along the trail are exceptional."
"Mahipalgad","Kolhapur","Moderate",900,"Oct-Feb","A Maratha hill fort near Radhanagari used for protecting the Kolhapur territory.","A pleasant moderate trek through green undulating hills to a summit fort. Views of the surrounding Western Ghat ranges and Radhanagari Dam."
"Mahipatgad","Satara","Moderate",1100,"Oct-Feb","A Maratha fort near the Koyna Valley used for controlling the ghat pass routes.","A moderate hike along a scenic ridge to a summit with walls and cisterns. The views into the deep Koyna River valley are dramatic."
"Mahuli","Thane","Hard",1340,"Oct-Feb","The highest peak in Thane district; a Maratha fort that fell to the British in 1818.","A demanding climb through steep forested slopes with rock scrambles near the summit. The highest point offers stunning 360-degree views of the Sahyadri."
"Mahur Fort","Nanded","Easy",700,"Year-round","An ancient pilgrimage site with Renuka Mata temple dating to pre-Maratha periods.","A hilltop fort complex surrounding the sacred Renuka Devi temple. Easy stairway access with views of the surrounding Vidarbha countryside."
"Mailagad Fort","Buldhana","Easy",500,"Oct-Mar","A small Vidarbha fort associated with the Sultanate and later Maratha administrative control.","A low hill fort with old walls and gateways amidst the dry Buldhana landscape. A quick and easy exploration for regional fort enthusiasts.""Makrandgad","Raigad","Moderate",800,"Oct-Feb","A Maratha hill fort near Mahad used for defense of the central Konkan region.","A moderate trek through deciduous forest to a hilltop with partial fort ruins. Views of the surrounding Raigad hills and valleys."
"Malanggad","Thane","Moderate",850,"Oct-Feb","An ancient fort with a revered Sufi dargah and Hindu temple at the summit.","A popular trek from Kalyan through forested slopes to a summit shared by two faiths. The harmonious coexistence of the dargah and temple makes it spiritually unique."
"Malegaon fort","Nashik","Easy",550,"Oct-Mar","A Mughal-era fortification in Malegaon controlling the Girna River valley trade.","A land fort within the town with old walls and gateways reflecting Mughal architecture. Easy to walk and historically significant for the Khandesh region."
"Malhargad/Sonori Fort","Pune","Easy",900,"Year-round","The last fort built during the Maratha Empire period by the Peshwas in the 18th century.","A gentle climb near Saswad village with well-preserved walls and gateways. The last-built Maratha fort offers panoramic views of the Pune countryside."
"Manaranjan Fort","Raigad","Moderate",820,"Oct-Feb","One of the twin forts of Rajmachi along with Shrivardhan; important for the Bor Ghat defense.","A moderate climb within the Rajmachi Fort complex offering sweeping monsoon views. The bastion walls and old iron cannons are well preserved."
"Mandangad fort","Ratnagiri","Easy",300,"Oct-Mar","A minor Konkan fort near Mandangad town used by the Marathas for coastal control.","An easy climb through coastal hills to a modest summit with partial ruins. Good for combining with a visit to nearby Dapoli beaches."
"Mangad Fort","Kolhapur","Moderate",700,"Oct-Feb","A Maratha fort near Panhala supporting the southern defense network.","A moderate trek through green rolling terrain to a compact hilltop fort. Views toward Panhala and the Kolhapur valley."
"Mangalgad/Kangori fort","Raigad","Moderate",800,"Oct-Feb","A Maratha fort near Mangaon used for controlling routes to the Konkan coast.","A moderate forest trek with gentle gradients to a fortified summit plateau. The monsoon greenery along the trail is exceptional."
"Mangi-Tungi","Nashik","Hard",1300,"Oct-Feb","Twin peaks sacred to Jains; believed to be where ancient Jain saints attained salvation.","A challenging climb with over 4000 carved steps leading to twin pinnacle peaks. The ancient Jain carvings and sculptures along the route are breathtaking."
"Manikgad","Chandrapur","Easy",350,"Oct-Mar","A Gond kingdom fort in Vidarbha later controlled by the Mughal administration.","A land fort in the Chandrapur region with thick walls amid dense Vidarbha forest. Easy exploration with interesting medieval architecture."
"Manikgad","Raigad","Hard",900,"Oct-Feb","A Maratha hill fort near Roha used for defense of the central Konkan highlands.","A tough climb through dense forest and rocky terrain to an isolated summit. The wilderness setting makes it ideal for adventurous trekkers."
"Manjarsubha Fort","Raigad","Hard",850,"Oct-Feb","A remote Maratha fort in the hills near Khalapur guarding the Bor Ghat passes.","A strenuous trek through thick forest with rocky scrambles near the summit. The solitude and untouched nature make it highly rewarding."
"Mankigad fort","Ratnagiri","Moderate",500,"Oct-Feb","A Maratha hill fort in the Ratnagiri hinterland used for guarding the coastal routes.","A moderate climb through laterite and scrub terrain to a hilltop with fort remnants. Konkan coastal views on clear days."
"Manohargad-Mansantoshgad","Raigad","Moderate",750,"Oct-Feb","Twin Maratha forts used in conjunction for defense of the Raigad hinterland.","A moderate ridge trek connecting two small forts with pleasant valley scenery. The twin summit experience adds variety to this trek."
"Markanda Fort","Kolhapur","Easy",600,"Oct-Feb","A small fort near Kolhapur with an ancient Markandeshwar temple.","An easy climb to a hilltop temple-fort with views of the Kolhapur plateau. The temple adds spiritual significance to the heritage walk."
"Mazagon Fort","Mumbai","Easy",10,"Year-round","A Portuguese-built fort on Mazagon Hill that once guarded the eastern harbor of Bombay.","A small urban fort ruin within the Mumbai dockyard area with limited access. One of the oldest colonial structures in the city."
"Metghar Fort","Nashik","Moderate",800,"Oct-Feb","A Maratha outpost fort in the Nashik hills used for communication signaling.","A moderate climb through dry scrubland to a compact summit with cistern remnants. Views of the surrounding Nashik ranges."
"Mohandar fort/Shidka fort","Nashik","Moderate",900,"Oct-Feb","A Maratha fort near Igatpuri used as part of the northern ghat defense chain.","A moderate forest trek to a ridge summit with partial wall remnants. The Igatpuri valley views from the top are scenic."
"Mohangad","Satara","Moderate",1000,"Oct-Feb","A Maratha fort in the Satara range used for territorial defense.","A moderate climb through grassland and sparse forest to a fortified hilltop. Peaceful views of the surrounding agricultural countryside."
"Mora fort","Raigad","Easy",100,"Oct-Mar","A small Maratha coastal fort near Mora village guarding the Dharamtar creek.","A low coastal fort with sea-facing walls near the Alibag ferry route. Easy access and suitable for a quick historical stop."
"Morgiri Fort","Pune","Moderate",900,"Oct-Feb","A Maratha fort near Bhimashankar used for guarding the sacred temple approach.","A moderate trek through dense Western Ghat forest to a hilltop with partial ruins. The biodiversity-rich trail is as appealing as the fort itself."
"Mrugagad","Satara","Easy",800,"Oct-Feb","A small Maratha fort near Satara named after the deer that frequented the area.","An easy hilltop trek with gentle slopes and grassy summit with cisterns. A quiet and peaceful trek near Satara city."
"Mulher","Nashik","Hard",1370,"Oct-Feb","One of the highest forts in the Sahyadri; site of the 1672 Battle of Salher-Mulher.","A challenging climb with steep rock sections and a massive fort complex sprawling across a ridge. The views of Salher and the northern Sahyadri range are magnificent."
"Naldurg Fort","Osmanabad","Easy",498,"Oct-Mar","Famous for its massive dam wall and waterfall within the fort; one of the largest forts in Maharashtra.","A sprawling land fort with an impressive fortified dam that creates a waterfall during monsoon. The massive ramparts and moat make it an architectural wonder."
"Nanded fort","Nanded","Easy",350,"Year-round","A Mughal-era fort in the city of Nanded on the banks of the Godavari River.","A land fort within the temple city with old walls and a riverside setting. Easy to explore as part of a Nanded pilgrimage trip."
"Nandoshi fort","Raigad","Moderate",750,"Oct-Feb","A Maratha fort near Mangaon used for regional military operations.","A moderate hike through forest and scrubland to a compact summit with ruins. The peaceful setting and valley views make it worthwhile."
"Narayangad","Pune","Moderate",1000,"Oct-Feb","A Maratha fort near Junnar with a temple dedicated to Lord Narayana at the summit.","A moderate climb through dry terrain to a spacious summit with old walls and a living temple. Views of the Kukdi River and surrounding forts add context."
"Narnala","Amravati","Moderate",900,"Oct-Feb","One of the largest and most impressive forts in Vidarbha dating to the Gond and Bahmani periods.","A massive fort complex spread across three connected hills with spectacular architecture. The approach through the Narnala Wildlife Sanctuary adds to the experience."
"Narsimhagad","Pune","Moderate",850,"Oct-Feb","A Maratha fort near Junnar associated with the legend of Lord Narasimha.","A moderate trek to a hilltop with temple ruins and carved cisterns. The Junnar valley panorama from the summit is expansive."
"Nhavigad","Raigad","Moderate",700,"Oct-Feb","A Maratha hill fort near Panvel used for monitoring trade routes.","A moderate forest trek to a compact summit with old walls and water tanks. Good monsoon trekking option near Mumbai."
"Nimgiri-Hanumantgad fort","Ahmednagar","Moderate",950,"Oct-Feb","Twin Maratha forts near the Pravara River used for defense of the Ahmednagar frontier.","A moderate ridge walk connecting two small forts with views of the Ahmednagar plains. The twin-fort experience offers double the historical exploration."
"Nivati fort","Sindhudurg","Easy",100,"Oct-Mar","A coastal fort near Nivati beach built by the Marathas for guarding the southernmost Konkan coast.","A small seaside fort near one of Maharashtra's most pristine beaches. Easy and scenic exploration with turquoise sea views."
"Pabargad","Pune","Moderate",900,"Oct-Feb","A Maratha fort near Junnar providing defense for the northern Pune region.","A moderate hike through dry terrain to a compact summit with cisterns and wall fragments. The Junnar plateau views are expansive."
"Padargad","Raigad","Moderate",700,"Oct-Feb","A Maratha fort near Karjat guarding the approaches to the Bor Ghat pass.","A moderate climb through mixed forest to a hilltop with ruins. A quiet and peaceful trek option near Karjat."
"Padmadurg","Raigad","Easy",0,"Oct-Mar","A sea fort built by Shivaji Maharaj near Rajpuri creek to counter Janjira's Siddhi rulers.","An island fort accessible by boat with surviving walls and bastions on the water. Views of the Janjira fort from Padmadurg add dramatic historical context."
"Padmdurang fort","Kolhapur","Moderate",800,"Oct-Feb","A Maratha fort in the Kolhapur hills with a temple at its summit.","A moderate forest trek to a hilltop temple-fort with lush Western Ghat vegetation. The ridge views of the Kolhapur countryside are scenic."
"Palashi Fort","Ratnagiri","Easy",200,"Oct-Mar","A minor Konkan fort used by the Marathas for coastal trade route protection.","A small coastal fort ruin with an easy approach through palm-fringed terrain. pleasant sea views from the top of the bastions."
"Palgad","Raigad","Moderate",850,"Oct-Feb","A Maratha fort near Sudhagad guarding the approach from the Konkan plains.","A moderate trek through dense forest to a summit with cisterns and partial walls. The monsoon trail is especially stunning."
"Pandavgad","Satara","Moderate",1050,"Oct-Feb","A fort near Wai believed to be linked to the Pandavas of the Mahabharata legend.","A moderate hike through pleasant hilly terrain to a broad summit plateau. The mythological connection and Krishna Valley views add charm."
"Panhala Fort","Kolhapur","Easy",1050,"Year-round","Shivaji Maharaj's famous escape from Siddi Johar's siege in 1660 originated from this massive fort.","One of the largest forts in the Deccan with massive walls stretching over three connected hills. Easily accessible by road with well-preserved granaries, tunnels, and gateways."
"Paranda Fort","Osmanabad","Easy",600,"Oct-Mar","A remarkable Bahmani-era fort with one of the finest examples of medieval military engineering.","A massive land fort with concentric walls, wide moats, and cannons still mounted on bastions. The architectural grandeur rivals any fort in the Deccan."
"Pargadh","Kolhapur","Moderate",900,"Oct-Feb","A Maratha fort near Gaganbawda protecting the southernmost territory of Swarajya.","A moderate trek through lush southern Western Ghat terrain to a well-preserved fort. The summit offers sweeping views toward the Konkan coast."
"Parola Fort","Jalgaon","Easy",350,"Oct-Mar","A Faruqi dynasty fort in the Khandesh region later controlled by the Marathas.","A land fort with old gateways and walls within Parola town. Easy and flat exploration with some well-preserved medieval stonework."
"Patta Fort","Raigad","Hard",1150,"Oct-Feb","A Maratha fort near Karjat with one of the steepest approaches in the Sahyadri.","A demanding climb with near-vertical rock sections and exposed traverses. The summit views across the Konkan plains are spectacular."
"Pavangad","Nashik","Moderate",850,"Oct-Feb","A Maratha fort in the Nashik range used for territorial defense and signaling.","A moderate trek through dry scrubland to a compact summit with old fortifications. Views of the surrounding valley and hill ranges."
"Pemgiri Fort/Shahagad","Aurangabad","Easy",550,"Oct-Mar","A Mughal-era fortification in the Aurangabad region later used by the Marathas.","A land fort with thick walls and bastions on a low hilltop. Easy to explore with views of the dry Marathwada plateau."
"Pimpalgaon Raja Fort","Buldhana","Easy",500,"Oct-Mar","A medieval fort in the Vidarbha region associated with Sultanate-era administration.","A low plateau fort with remnants of walls and gateways amidst agricultural land. Quick and easy to explore."
"Pimpaldoh Fort","Buldhana","Easy",500,"Oct-Mar","A minor Vidarbha fort used by various Deccan rulers for regional control.","A small fort ruin on a low hill with partial walls and cisterns. Easy access through flat Buldhana terrain."
"Pisola fort","Raigad","Moderate",600,"Oct-Feb","A small Maratha fort near Pen used for surveillance of the coastal plains.","A moderate hike through laterite hills to a compact summit with ruins. Good views of the Pen countryside and distant coastline."
"Prabalgad","Raigad","Hard",1100,"Oct-Feb","Also known as Muranjan; Shivaji Maharaj renamed it Prabalgad after its capture.","A steep trek through exposed terrain to a broad summit plateau near the famous Kalavantin pinnacle. The views of Matheran and the Konkan coastline are breathtaking."
"Prachitgad","Sindhudurg","Moderate",900,"Oct-Feb","A Maratha fort in southern Konkan protecting the Sawantwadi territory.","A moderate trek through lush evergreen forest to a well-preserved fort summit. The biodiversity-rich trail feels like a nature walk combined with history."
"Pratapgad","Satara","Easy",1080,"Year-round","The legendary fort where Shivaji Maharaj killed Afzal Khan in 1659 during a historic encounter.","A magnificent fort accessible by road with a grand statue of Shivaji Maharaj at the entrance. The historically charged atmosphere and panoramic valleys make it unforgettable."
"Purandar fort","Pune","Moderate",1387,"Oct-Feb","Birthplace of Sambhaji Maharaj and site of the Treaty of Purandar with the Mughals in 1665.","A large twin fort complex with Purandar and Vajragad connected by a saddle ridge. The views from the summit stretch across the entire Pune district."
"Purnagad","Ratnagiri","Easy",100,"Oct-Mar","A small Maratha coastal fort near Ratnagiri town guarding the harbor approach.","A low coastal fort with bastions overlooking the sea and a small fishing harbor. Easy and quick to explore right off the Konkan highway."
"Raigad Fort","Raigad","Moderate",820,"Year-round","The capital of the Maratha Empire where Shivaji Maharaj was crowned Chhatrapati in 1674.","Maharashtra's most historically significant fort with the grand Rajya-abhishek site and ropeway access. The massive fortification walls and sweeping Konkan views embody Maratha glory."
"Raireshwar","Satara","Easy",1300,"Year-round","The sacred fort where young Shivaji Maharaj and his companions took the oath of Swarajya.","A beautiful plateau fort accessible by vehicle with lush green grass and a temple. The spiritual significance and stunning valley views make it pilgrimage-worthy."
"Rajgad Fort","Pune","Hard",1395,"Oct-Feb","The first capital of the Maratha Empire under Shivaji Maharaj for over 26 years.","A massive fort spread across three machis requiring a full day to explore all sections. The Sanjivani Machi cliff edge and Padmavati temple are awe-inspiring."
"Rajdher fort","Nashik","Moderate",850,"Oct-Feb","A Maratha frontier fort in northern Maharashtra near the Gujarat border.","A moderate trek through dry terrain to a hilltop with fort remains and cisterns. Views of the northern Sahyadri plains."
"Ramshej fort","Nashik","Moderate",800,"Oct-Feb","Famous for resisting Aurangzeb's siege for six years through Maratha guerrilla tactics.","A moderate climb to a tabletop fort with well-preserved walls and a living temple. The flat summit offers superb views of Nashik city."
"Ramtek","Nagpur","Easy",350,"Year-round","An ancient pilgrimage site associated with Lord Rama; fortified during medieval times.","A hilltop temple complex with fortified walls surrounded by the scenic Ramtek lake. Easy stairway access makes it ideal for all ages."
"Rangana Fort","Kolhapur","Hard",1050,"Oct-Feb","A formidable Maratha fort near Gaganbawda considered nearly impregnable.","A strenuous climb with steep rock sections through dense forest to a narrow summit. The knife-edge ridges and sheer drops make it thrillingly adventurous."
"Rasalgad","Ratnagiri","Moderate",900,"Oct-Feb","A Maratha hill fort in the Konkan hinterland protecting southern coastal routes.","A moderate trek through laterite terrain and forest to a broad summit. The views of the Konkan landscape are sweeping."
"Ratandurg fort","Ratnagiri","Easy",100,"Oct-Mar","A coastal Maratha fort near Bhatye beach guarding the Ratnagiri harbor approach.","A small headland fort with ocean views and a lighthouse nearby. Easy access makes it a perfect beach-day heritage stop."
"Ratangad","Ahmednagar","Hard",1297,"Oct-Feb","A Maratha fort near Bhandardara famous for its needle-hole (Nedhe) rock formation.","A demanding forest trek with rock scrambles to a summit featuring the iconic natural rock arch. The views of Bhandardara dam and surrounding peaks are magnificent."
"Ratnagiri","Ratnagiri","Easy",200,"Oct-Mar","A Maratha coastal fort overlooking the town of Ratnagiri and the Arabian Sea.","A hilltop fort within Ratnagiri town with lighthouse views over the ocean. Easy to access with pleasant coastal scenery."
"Ravlya Fort","Satara","Moderate",800,"Oct-Feb","A Maratha defense fort in the Satara hills near the Koyna Valley.","A moderate trek through rolling farmland to a hilltop with fort remnants. Pleasant views of the surrounding countryside."
"Revdanda fort","Raigad","Easy",50,"Oct-Mar","A large Portuguese-built fort near Chaul with impressive gateways and bastions.","A well-preserved coastal fort with massive Portuguese gates and church ruins inside the walls. Easy to explore on foot with a rich blend of European and Indian architecture."
"Riwa Fort","Raigad","Moderate",750,"Oct-Feb","A Maratha fort near Roha guarding the inland routes of the central Konkan.","A moderate forest hike to a hilltop with cisterns and wall remnants. Quiet and rarely visited."
"Rohida fort","Satara","Moderate",1050,"Oct-Feb","Called the 'Vichitragad' for its unusual fortifications; captured by Shivaji Maharaj from the Adilshahi.","A scenic trek through the Satara highlands to a well-fortified summit with unique architectural features. The double-wall construction and elaborate gates are impressive."
"Sagargad","Raigad","Easy",500,"Year-round","A small Maratha hill fort near Alibag popular for monsoon day treks.","A quick green hike through forest and meadows to a summit with basic ruins. The proximity to Mumbai makes it a favorite beginner trek."
"Sajjangad","Satara","Easy",914,"Year-round","The samadhi (memorial) of Sant Ramdas Swami — Shivaji Maharaj's spiritual guru.","A well-maintained fort-temple complex accessible by paved steps with the saint's sacred tomb at top. The spiritual atmosphere and valley views make it deeply moving."
"Sakharkherda Fort","Buldhana","Easy",500,"Oct-Mar","Site of the Battle of Sakharkherda (1724) in the Mughal-Maratha wars.","A low land fort with historical significance set amidst the Buldhana agricultural belt. Easy to walk through with remnants of old walls."
"Sakshigad","Sindhudurg","Moderate",600,"Oct-Feb","A small Maratha fort near Sawantwadi used for defense of the southern Konkan territory.","A moderate trek through cashew and mango plantations to a hilltop with partial ruins. Tropical southern Konkan scenery."
"Salher","Nashik","Hard",1567,"Oct-Feb","The highest fort in Maharashtra and site of the pivotal 1672 Battle of Salher against the Mughals.","A challenging climb to the highest fort plateau in the Sahyadri with massive walls and bastions. The panoramic summit views of the Baglan range are simply unrivaled."
"Salota fort","Nashik","Hard",1300,"Oct-Feb","A Maratha fort near Salher forming part of the northern Sahyadri defense line.","A demanding climb with steep rock sections through dry northeast Sahyadri terrain. The isolated summit has ruins and sweeping views toward Salher."
"Samangad","Kolhapur","Easy",800,"Oct-Feb","Site of the murder of Sambhaji Maharaj's commander Rajaram Pandit; historically poignant.","A moderate climb to a hilltop fort with religious shrines and panoramic Kolhapur views. The trail passes through pleasant farmland."
"Sangram Durg","Satara","Moderate",900,"Oct-Feb","A Maratha fort near Satara that witnessed several battles during the Anglo-Maratha wars.","A moderate forest trek to a hilltop with partial wall remains and carved cisterns. The Satara valley panorama is expansive."
"Santoshgad","Ratnagiri","Easy",300,"Oct-Mar","A minor Maratha coastal fort used for watching the southern Konkan waters.","A short easy climb to a hilltop with sea views and partial fort ruins. Ideal for a quick stop along the Konkan coast."
"Sarasgad","Raigad","Easy",500,"Oct-Feb","A Maratha fort near Pen that was part of the Raigad defense network.","An easy to moderate climb through farmland to a small summit with fort remnants. Views of the Pen countryside and surrounding hills."
"Sarjekot fort","Kolhapur","Moderate",800,"Oct-Feb","A Maratha fort near Radhanagari protecting the southern border of Kolhapur territory.","A moderate trek through green hills to a fortified summit with old walls. Views of the Radhanagari dam and surrounding forest."
"Sewri Fort","Mumbai","Easy",10,"Year-round","A Portuguese fort built to guard the eastern entrance to Bombay harbor.","A small fort ruin in the industrial Sewri area of Mumbai with limited remains. Known more today for flamingo sightings at the nearby mudflats."
"Shaniwar Wada","Pune","Easy",560,"Year-round","The massive fortified palace of the Peshwas of the Maratha Empire built in 1732.","A grand urban fortress-palace with a towering entrance gate and the famous thorn-spiked doors. The evening light show brings alive the dramatic Peshwa history."
"Shirgaon Fort","Palghar","Easy",30,"Oct-Mar","A small Portuguese-era coastal fort near Shirgaon beach in the Palghar coast.","A quick walkable coastal fort with surviving walls and sea-facing bastions. Ideal for combining with a beach visit."
"Shivgad","Kolhapur","Moderate",850,"Oct-Feb","A Maratha fort near Kolhapur used for protecting the southern Swarajya territory.","A moderate trek through green rolling hills to a compact summit. The pastoral Kolhapur landscape is visible all around."
"Shivneri","Pune","Easy",1050,"Year-round","The birthplace of Chhatrapati Shivaji Maharaj in 1630; a pilgrimage for every Maharashtrian.","A well-maintained fort with paved steps and the sacred birth chamber of Shivaji Maharaj. The massive gates and views of the Junnar valley are inspiring."
"Shrivardhan Fort","Raigad","Moderate",820,"Oct-Feb","One of the twin forts of Rajmachi along with Manaranjan; key to the Bor Ghat defense.","A moderate climb within the Rajmachi complex to a summit with sweeping monsoon valley views. Well-preserved bastions and old cannons dot the fortification."
"Siddhagad","Nashik","Moderate",900,"Oct-Feb","A Maratha fort near Igatpuri associated with a siddha (saint) legend.","A moderate forest trek to a hilltop with a small temple and fort remnants. The lush green Igatpuri valley is visible below."
"Sindhudurg Fort","Sindhudurg","Easy",0,"Year-round","A magnificent sea fort built by Shivaji Maharaj in 1664; the district is named after it.","An island fortress accessible by boat with walls seemingly rising from the sea itself. The Shivaji handprint and footprint impressions in the temple are deeply revered."
"Saurabh Fort","Raigad","Moderate",700,"Oct-Feb","A small Maratha hill fort near Alibag in the Raigad defense network.","A moderate trek through coastal hills to a compact hilltop with ruins. Views of the Alibag coast and surrounding hills."
"Sinhagad","Pune","Easy",1312,"Year-round","Tanaji Malusare's legendary night assault in 1670 is immortalized in the Battle of Sinhagad.","One of the most visited forts near Pune with a paved road to the top and famous local cuisine. The dramatic cliff faces and valley views make it eternally popular."
"Sion Hillock Fort","Mumbai","Easy",30,"Year-round","A small Portuguese-era fort in the Sion area built to defend the Bombay island.","A tiny urban fort ruin now surrounded by the dense Sion neighborhood. More historical curiosity than a trek but significant for Mumbai heritage."
"Sitabuldi Fort","Nagpur","Easy",310,"Year-round","Site of the 1817 Battle of Sitabuldi during the Third Anglo-Maratha War.","A hilltop fort within Nagpur city now managed by the Indian Army. The memorial column and panoramic city views make it a quick heritage visit."
"Solapur Fort","Solapur","Easy",460,"Oct-Mar","A historical fort in Solapur city used by various Deccan rulers including the Adilshahis.","A large land fort with massive walls and a moat still partially filled with water. Easy to walk and explore within the city center."
"Sondai fort","Thane","Moderate",900,"Oct-Feb","A Maratha fort near Murbad guarding the approach from the Konkan coast.","A moderate forest trek to a hilltop with partial ruins and carved cisterns. Nice monsoon views of the Thane Western Ghat foothills."
"Songir","Nashik","Easy",700,"Oct-Feb","A Yadava dynasty fort near Nashik later used by the Mughals and Marathas.","An easy climb to a flat summit with old walls and a commanding view. A quick trek accessible from Nashik city."
"Songiri","Dhule","Easy",650,"Oct-Mar","A Faruqi dynasty fort in the Khandesh region with medieval architecture.","A low hill fort with old gateways and walls amid dry north Maharashtra landscape. Easy to explore with minimal climbing involved."
"Sudhagad","Raigad","Moderate",620,"Oct-Feb","Also called Bhorapgad; Shivaji Maharaj renamed it Sudhagad after his capture.","A moderate forest trek to a spacious summit with well-preserved walls and the Bhorai Devi temple. The massive iron-spiked gates and valley views are impressive."
"Sumargad","Kolhapur","Moderate",800,"Oct-Feb","A Maratha fort near Radhanagari used for southern defense operations.","A moderate trek through green Kolhapur hills to a summit with partial ruins. Views of the surrounding Western Ghat foothills."
"Surgad","Raigad","Moderate",700,"Oct-Feb","A small Maratha hill fort near Murud used for regional defense.","A moderate trek through coastal hills to a hilltop with partial fort remains. Views of the Murud coast."
"Suvarnadurg","Ratnagiri","Easy",0,"Oct-Mar","A sea fort built by the Marathas near Harnai beach to protect the Ratnagiri coast.","A magnificent island fort accessible by boat with cannon-mounted bastions and impressive walls. The boat ride from Harnai and the fort's naval history are captivating."
"Tailbaila fort","Raigad","Very Hard",1100,"Oct-Feb","A sheer rock pinnacle fort in the Matheran range known for extreme rock climbing.","One of the most difficult pinnacle climbs in the Sahyadri with vertical rock walls requiring technical gear. The tiny summit is reached after a heart-pounding exposed scramble."
"Takmak fort","Satara","Hard",1050,"Oct-Feb","A Maratha outpost pinnacle near Rajgad used for signaling and surveillance.","A short but very steep climb to a narrow pinnacle summit near Rajgad. The views of Rajgad's three machis from this vantage are unmatched."
"Talagad","Raigad","Moderate",650,"Oct-Feb","A minor Maratha fort near Khalapur used for monitoring the Bor Ghat region.","A moderate forest trek to a compact hilltop with ruins and cisterns. A quiet trek near the popular Karjat area."
"Tandulwadi fort","Sindhudurg","Easy",300,"Oct-Mar","A Maratha coastal fort near Malvan built for the defense of the Konkan shoreline.","A scenic hilltop fort near the beach with views of the Arabian Sea. Easy access and great for combining with a Tarkarli beach trip."
"Tankai fort","Nashik","Moderate",920,"Oct-Feb","A twin fort with Ankai forming a strategic pair in the Yadava defense system.","Connected to Ankai by a ridge with ancient Buddhist caves and rock-cut architecture. The twin-fort traverse is a unique Sahyadri experience."
"Tarapur fort","Palghar","Easy",30,"Oct-Mar","Site of the Battle of Tarapur where the Portuguese were defeated by local forces in 1739.","A coastal fort ruin near the Tarapur nuclear facility area with historical significance. Easy access with sea-facing walls."
"Terekhol Fort","Sindhudurg","Easy",50,"Oct-Mar","A Maratha fort on the Maharashtra-Goa border overlooking Terekhol River estuary.","A beautiful fort overlooking the Goa border with sweeping sea and river views. Now converted into a heritage hotel making it uniquely accessible."
"Thalner","Dhule","Easy",600,"Oct-Mar","A major Faruqi dynasty capital fort in the Khandesh region with massive walls.","A sprawling land fort with impressive gateways and fortification walls. Easy to explore with historical importance for north Maharashtra."
"Tikona","Pune","Moderate",1066,"Oct-Feb","A Maratha hill fort near Pawna Lake named for its triangular shape (Vitandgad).","A pleasant trek with well-carved steps leading to the triangular summit plateau. Pawna Lake views and the Trimbakeshwar temple at top make it memorable."
"Tipagad","Gadchiroli","Easy",300,"Oct-Mar","A small fort in the dense forests of Vidarbha near the Godavari River.","A tribal region fort surrounded by dense Gadchiroli forest with minimal ruins. Easy access but remote requiring planning."
"Torna Fort","Pune","Hard",1403,"Oct-Feb","The first fort captured by Shivaji Maharaj at age 16 in 1643 — the beginning of Swarajya.","A steep demanding climb rewarded by the massive summit plateau of the tallest fort near Pune. The historical significance of the first Swarajya fort fills every stone with meaning."
"Tringalwadi","Nashik","Moderate",900,"Oct-Feb","A Maratha fort near Igatpuri known for its ancient rock-carved Buddhist stupa.","A moderate trek through forest to a compact summit with an ornate carved monolithic stupa. The Buddhist rock art and green valley views are exceptional."
"Trymbakgad","Nashik","Moderate",1100,"Oct-Feb","A fort near the sacred Trimbakeshwar temple guarding the Godavari River source.","A moderate climb near one of the twelve Jyotirlingas with extensive fortification walls. The spiritual and natural significance of the Brahmagiri range surrounds it."
"Tung Fort","Pune","Moderate",1075,"Oct-Feb","A Maratha watchtower fort near Pawna Lake offering strategic views in all directions.","A moderate rocky climb with dramatic summit views over Pawna Lake and surrounding forts. The exposed rocky terrain and compact summit make it exciting."
"Udgir Fort","Latur","Easy",580,"Oct-Mar","Site of the Battle of Udgir (1760) where Marathas defeated the Nizam of Hyderabad.","A large land fort with thick walls and bastions set in the Marathwada landscape. Easy exploration with significant military history."
"Underi","Raigad","Easy",0,"Oct-Mar","A sea fort built by Shivaji Maharaj near the Karanja coast to counter Janjira.","A small island fort accessible by boat with surviving walls and bastions. The naval strategy behind its construction parallels Padmadurg."
"Vaghera Fort","Nashik","Moderate",800,"Oct-Feb","A small Maratha fort used for defense of the Nashik hinterland region.","A moderate climb through scrubland to a compact hilltop with partial ruins. Quiet trek with views of the Nashik plateau."
"Vairagad Fort","Kolhapur","Moderate",750,"Oct-Feb","A Maratha fort near Kolhapur used for protecting southern territory.","A moderate trek through farm and scrubland to a hilltop with cisterns and walls. Pastoral Kolhapur countryside visible all around."
"Vairatgad Fort","Satara","Moderate",1000,"Oct-Feb","A Maratha hill fort in the Satara range near the Koyna Valley.","A moderate trek through lush terrain to a fortified summit. The Koyna valley views from the top are dramatic and scenic."
"Vajragad","Pune","Easy",900,"Oct-Feb","The twin companion fort to Purandar; together they formed a major Maratha defense system.","An easy companion trek from Purandar Fort along a connecting ridge. The smaller fort offers intimate views and a quieter atmosphere."
"Vandan Fort","Satara","Moderate",850,"Oct-Feb","A Maratha fort near Satara used for regional defense and communication.","A moderate hike through rolling grassland to a hilltop with ruins and cisterns. Pleasant Satara countryside views."
"Vardhangad Fort","Kolhapur","Moderate",900,"Oct-Feb","A Maratha fort near Panhala supporting the defense network of southern Swarajya.","A moderate forest trek to a hilltop with well-preserved walls and water tanks. The green Kolhapur landscape is visible all around."
"Varugad","Sindhudurg","Moderate",600,"Oct-Feb","A Maratha fort in the southern Konkan used for monitoring trade routes.","A moderate trek through tropical forest to a summit with partial ruins. Konkan coastal views on clear days."
"Vasai Fort/Bassein Fort","Palghar","Easy",30,"Year-round","A magnificent Portuguese colonial fort captured by Chimaji Appa for the Marathas in 1739.","One of the most impressive Portuguese fort ruins in India with massive churches and gateways. The European gothic architecture amidst Indian soil creates a hauntingly beautiful atmosphere."
"Vasantgad","Satara","Moderate",900,"Oct-Feb","A Maratha fort near Satara used for defense of the central Satara region.","A moderate climb through rolling terrain to a hilltop with fort remnants. The Satara valley panorama is scenic."
"Vasota Fort/Vyaghragad","Satara","Moderate",1171,"Oct-Feb","A remote Maratha fort accessible only by boat across Shivsagar Lake — named Tiger Fort by Shivaji Maharaj.","One of the most scenic treks involving a boat ride across the stunning Koyna backwaters. The fort sits deep in the Koyna Wildlife Sanctuary amid pristine jungle."
"Vijaydurg Fort","Sindhudurg","Easy",0,"Year-round","One of the strongest coastal forts in India; Shivaji Maharaj expanded it significantly for naval operations.","A massive sea fort with triple-layered walls and 27 bastions projecting into the Arabian Sea. The underground tunnels and rock-cut docks showcase Maratha naval engineering brilliance."
"Vijaygad Fort","Sindhudurg","Moderate",600,"Oct-Feb","A Maratha hill fort near Malvan supporting the coastal defense in southern Konkan.","A moderate trek through cashew and coconut plantations to a summit with fort ruins. Views of the Malvan coast."
"Vikatgad","Raigad","Moderate",850,"Oct-Feb","A Maratha fort near Karjat that was part of the Bor Ghat defense network.","A moderate forest trek to a ridge summit with old walls and cisterns. Good monsoon trekking option near Mumbai."
"Virathan Fort","Satara","Moderate",900,"Oct-Feb","A Maratha fort in the Satara range used for monitoring the plateau passes.","A moderate trek to a hilltop with partial fortifications and valley views. A quiet and peaceful trek experience."
"Visapur Fort","Pune","Moderate",1084,"Monsoon","Built by the first Peshwa Balaji Vishwanath as a companion fort to Lohagad.","Famous for its cascading waterfall steps during monsoon and massive fortification walls. The summit is larger than Lohagad with sprawling ruins and ancient caves."
"Vishalgad/Khelna Fort","Kolhapur","Moderate",1130,"Oct-Feb","Site of Shivaji Maharaj's famous Pawankhind escape from Siddhi Masud's siege in 1660.","A massive fort with strong walls and the sacred Dargah of Hazrat Malik Rehan at the summit. The Pawankhind memorial along the trail commemorates Baji Prabhu Deshpande's sacrifice."
"Worli Fort","Mumbai","Easy",10,"Year-round","A Maratha-era fort built to protect the Worli fishing village and harbor.","A small coastal fort ruin in Worli with views of the Sea Link and the Arabian Sea. Easily accessible within Mumbai as a quick heritage walk."
"Yashwantgad Fort","Sindhudurg","Easy",100,"Oct-Mar","A Maratha coastal fort near Vengurla built for protecting the southernmost Konkan coast.","A small seaside fort with bastions overlooking the Arabian Sea near the Goa border. Easy access and great for combining with a Vengurla beach trip."
